external_ref,account,txn_type,trade_date,mic_code,ticker,quantity,price,amount
MAIN-0001,Main,deposit,2021-01-04,,,,,30000
MAIN-0002,Main,buy,2021-01-05,XNAS,AAPL,50,131.01,
MAIN-0003,Main,buy,2021-01-05,XETR,SAP,60,105.04,
MAIN-0004,Main,dividend,2021-02-05,XNAS,AAPL,,,10.25
MAIN-0005,Main,buy,2021-03-01,XNAS,MSFT,30,236.94,
MAIN-0006,Main,dividend,2021-05-07,XNAS,AAPL,,,11.00
MAIN-0007,Main,dividend,2021-05-13,XETR,SAP,,,111.00
MAIN-0008,Main,dividend,2021-05-19,XNAS,MSFT,,,16.80
MAIN-0009,Main,buy,2021-06-01,XETR,BMW,80,89.01,
MAIN-0010,Main,dividend,2021-08-06,XNAS,AAPL,,,11.00
MAIN-0011,Main,dividend,2021-08-18,XNAS,MSFT,,,16.80
MAIN-0012,Main,dividend,2021-11-05,XNAS,AAPL,,,11.00
MAIN-0013,Main,dividend,2021-11-17,XNAS,MSFT,,,18.60
MAIN-0014,Main,buy,2022-01-03,XNAS,AAPL,20,182.01,
MAIN-0015,Main,dividend,2022-02-04,XNAS,AAPL,,,15.40
MAIN-0016,Main,dividend,2022-02-16,XNAS,MSFT,,,18.60
MAIN-0017,Main,dividend,2022-05-06,XNAS,AAPL,,,16.10
MAIN-0018,Main,dividend,2022-05-12,XETR,BMW,,,464.00
MAIN-0019,Main,dividend,2022-05-18,XNAS,MSFT,,,18.60
MAIN-0020,Main,dividend,2022-05-19,XETR,SAP,,,147.00
MAIN-0021,Main,dividend,2022-08-05,XNAS,AAPL,,,16.10
MAIN-0022,Main,dividend,2022-08-17,XNAS,MSFT,,,18.60
MAIN-0023,Main,dividend,2022-11-04,XNAS,AAPL,,,16.10
MAIN-0024,Main,dividend,2022-11-16,XNAS,MSFT,,,20.40
MAIN-0025,Main,fee,2022-12-30,,,,,25
MAIN-0026,Main,dividend,2023-02-10,XNAS,AAPL,,,16.10
MAIN-0027,Main,deposit,2023-02-15,,,,,10000
MAIN-0028,Main,dividend,2023-02-15,XNAS,MSFT,,,20.40
MAIN-0029,Main,buy,2023-03-01,XETR,SAP,40,106.62,
MAIN-0030,Main,dividend,2023-05-12,XNAS,AAPL,,,16.80
MAIN-0031,Main,dividend,2023-05-12,XETR,BMW,,,680.00
MAIN-0032,Main,dividend,2023-05-12,XETR,SAP,,,205.00
MAIN-0033,Main,dividend,2023-05-17,XNAS,MSFT,,,20.40
MAIN-0034,Main,sell,2023-06-01,XNAS,AAPL,60,180.09,
MAIN-0035,Main,dividend,2023-08-11,XNAS,AAPL,,,2.40
MAIN-0036,Main,dividend,2023-08-16,XNAS,MSFT,,,20.40
MAIN-0037,Main,dividend,2023-11-10,XNAS,AAPL,,,2.40
MAIN-0038,Main,dividend,2023-11-15,XNAS,MSFT,,,22.50
MAIN-0039,Main,fee,2023-12-29,,,,,25
MAIN-0040,Main,dividend,2024-02-09,XNAS,AAPL,,,2.40
MAIN-0041,Main,dividend,2024-02-14,XNAS,MSFT,,,22.50
MAIN-0042,Main,sell,2024-03-01,XETR,BMW,30,109.80,
MAIN-0043,Main,dividend,2024-05-10,XNAS,AAPL,,,2.50
MAIN-0044,Main,dividend,2024-05-15,XNAS,MSFT,,,22.50
MAIN-0045,Main,dividend,2024-05-16,XETR,BMW,,,300.00
MAIN-0046,Main,dividend,2024-05-16,XETR,SAP,,,220.00
MAIN-0047,Main,withdrawal,2024-06-03,,,,,5000
MAIN-0048,Main,dividend,2024-08-12,XNAS,AAPL,,,2.50
MAIN-0049,Main,dividend,2024-08-15,XNAS,MSFT,,,22.50
MAIN-0050,Main,dividend,2024-11-08,XNAS,AAPL,,,2.50
MAIN-0051,Main,dividend,2024-11-21,XNAS,MSFT,,,24.90
MAIN-0052,Main,fee,2024-12-30,,,,,25
